Person_ID,Alcohol_ppm,Limit_ppm,Engine_Status,Remark
P1,87,200,ON,Safe - Vehicle Can Start
P2,285,200,OFF,Limit Exceeded - Vehicle Locked
P3,446,200,OFF,Limit Exceeded - Vehicle Locked
P4,122,200,ON,Safe - Vehicle Can Start
P5,305,200,OFF,Limit Exceeded - Vehicle Locked
P6,443,200,OFF,Limit Exceeded - Vehicle Locked
P7,253,200,OFF,Limit Exceeded - Vehicle Locked
P8,183,200,ON,Safe - Vehicle Can Start
P9,385,200,OFF,Limit Exceeded - Vehicle Locked
P10,194,200,ON,Safe - Vehicle Can Start
P11,179,200,ON,Safe - Vehicle Can Start
P12,121,200,ON,Safe - Vehicle Can Start
P13,287,200,OFF,Limit Exceeded - Vehicle Locked
P14,440,200,OFF,Limit Exceeded - Vehicle Locked
P15,331,200,OFF,Limit Exceeded - Vehicle Locked
P16,228,200,OFF,Limit Exceeded - Vehicle Locked
P17,326,200,OFF,Limit Exceeded - Vehicle Locked
P18,304,200,OFF,Limit Exceeded - Vehicle Locked
P19,407,200,OFF,Limit Exceeded - Vehicle Locked
P20,445,200,OFF,Limit Exceeded - Vehicle Locked
P21,302,200,OFF,Limit Exceeded - Vehicle Locked
P22,206,200,OFF,Limit Exceeded - Vehicle Locked
P23,448,200,OFF,Limit Exceeded - Vehicle Locked
P24,100,200,ON,Safe - Vehicle Can Start
P25,118,200,ON,Safe - Vehicle Can Start
P26,265,200,OFF,Limit Exceeded - Vehicle Locked
P27,291,200,OFF,Limit Exceeded - Vehicle Locked
P28,402,200,OFF,Limit Exceeded - Vehicle Locked
P29,136,200,ON,Safe - Vehicle Can Start
P30,191,200,ON,Safe - Vehicle Can Start
